<application>
  <component name="FileTypeManager" version="18">
    <extensionMap>
      <mapping pattern="notes" type="AUTO_DETECTED" />
      <mapping pattern="ImpLinks" type="AUTO_DETECTED" />
      <mapping pattern="cmds" type="AUTO_DETECTED" />
      <mapping pattern="Questions" type="AUTO_DETECTED" />
      <mapping pattern="keylearnings" type="AUTO_DETECTED" />
      <removed_mapping ext="apk" approved="true" type="ARCHIVE" />
      <removed_mapping ext="psd" approved="true" type="Image" />
    </extensionMap>
  </component>
</application>