<keymap version="1" name="Windows Proper Redo" parent="$default">
  <action id="$Redo">
    <keyboard-shortcut first-keystroke="shift ctrl z" />
    <keyboard-shortcut first-keystroke="shift alt back_space" />
    <keyboard-shortcut first-keystroke="ctrl y" />
  </action>
  <action id="EditorDeleteLine" />
  <action id="EmojiAndSymbols">
    <keyboard-shortcut first-keystroke="shift semicolon" />
    <keyboard-shortcut first-keystroke="shift a" second-keystroke="b" />
    <keyboard-shortcut first-keystroke="shift slash" second-keystroke="ctrl space" />
    <keyboard-shortcut first-keystroke="semicolon" second-keystroke="ctrl space" />
  </action>
</keymap>